{
  "users": [
    {
      "id": 1,
      "name": "Maria",
      "password": "maria12345",
      "gender": "F",
      "dateOfBirth": "1996-01-01",
      "email": "maria@gmail.com",
      "mobileNumber": 1234567890,
      "pincode": 123456,
      "city": "Bangalore",
      "state": "Karnataka",
      "country": "India"
    },
    {
      "name": "Sera",
      "password": "Sera@123",
      "dateOfBirth": "1997-01-01",
      "gender": "F",
      "mobileNumber": 1234567890,
      "email": "sera@gmail.com",
      "pincode": 123456,
      "city": "Kozhikode",
      "state": "Kerala",
      "country": "India",
      "id": 2
    },
    {
      "name": "",
      "password": "",
      "mobileNumber": "",
      "dateOfBirth": "",
      "gender": "",
      "speciality": "",
      "id": 3
    },
    {
      "name": "",
      "password": "",
      "mobileNumber": "",
      "dateOfBirth": "",
      "gender": "",
      "speciality": "",
      "id": 4
    },
    {
      "name": "",
      "password": "",
      "mobileNumber": "",
      "dateOfBirth": "",
      "gender": "",
      "speciality": "",
      "id": 5
    },
    {
      "name": "",
      "password": "",
      "mobileNumber": "",
      "dateOfBirth": "",
      "gender": "",
      "speciality": "",
      "id": 6
    },
    {
      "name": "kkkkkkkkkk",
      "password": "uuuuuuu",
      "mobileNumber": "ooooooooooo",
      "email": "abc@com",
      "dateOfBirth": "32",
      "gender": "t",
      "pincode": "111111",
      "city": "rtyuiopsdf",
      "state": "aaaaaaaaaaaaaa",
      "country": "oooooooooooooo",
      "id": 7
    },
    {
      "name": "jjjjjjjj",
      "password": "uuuuu",
      "mobileNumber": "8888888888",
      "email": "abc@gm",
      "dateOfBirth": "45",
      "gender": "g",
      "pincode": "123456",
      "city": "hhhhhh",
      "state": "jjjjjj",
      "country": "gggggg",
      "id": 8
    },
    {
      "name": "jjjjjjjjjj",
      "password": "6666666",
      "mobileNumber": "6767676767",
      "email": "ab@g",
      "dateOfBirth": "56",
      "gender": "k",
      "pincode": "123456",
      "city": "kukkuh",
      "state": "uuuuuuu",
      "country": "tttt",
      "id": 9
    },
    {
      "name": "uuuuu",
      "password": "ppppp",
      "mobileNumber": "kkkkkkkkkk",
      "email": "abc@c",
      "dateOfBirth": "65",
      "gender": "j",
      "pincode": "123456",
      "city": "gggggg",
      "state": "oooooo",
      "country": "pppppp",
      "id": 10
    },
    {
      "name": "KARRI",
      "password": "12345",
      "mobileNumber": "9898989898",
      "email": "abc@f",
      "dateOfBirth": "56",
      "gender": "f",
      "pincode": "678967",
      "city": "gudivada",
      "state": "andhara",
      "country": "indiaaa",
      "id": 11
    },
    {
      "name": "kkkk",
      "password": "66666",
      "mobileNumber": "9898989898",
      "email": "karri@com",
      "dateOfBirth": "2",
      "gender": "h",
      "pincode": "123456",
      "city": "HHHHHHH",
      "state": "hhhhhhh",
      "country": "kkkkkk",
      "id": 12
    },
    {
      "name": "Harika bhavani",
      "password": "Harika220",
      "mobileNumber": "9502061002",
      "email": "karri@com",
      "dateOfBirth": "2000-10-20",
      "gender": "F",
      "pincode": "567832",
      "city": "GUdivada",
      "state": "Andhrapradesh",
      "country": "Indiaa",
      "id": 13
    },
    {
      "name": "Harika",
      "password": "123456",
      "mobileNumber": "8787878787",
      "email": "Karri@com",
      "dateOfBirth": "20-10-2021",
      "gender": "f",
      "pincode": "565656",
      "city": "Gudivada",
      "state": "Andhra",
      "country": "Indiaa",
      "id": 14
    }
  ],
  "coaches": [
    {
      "id": 1,
      "name": "Rose",
      "password": "rose12345",
      "gender": "F",
      "dateOfBirth": "1996-01-01",
      "mobileNumber": 1234567890,
      "speciality": "Confidence Issues"
    },
    {
      "name": "Setna",
      "password": "Setna@123",
      "dateOfBirth": "1995-01-01",
      "gender": "F",
      "mobileNumber": 1235678905,
      "speciality": "Depression Issues",
      "id": 2
    },
    {
      "name": "kkkkkkkkkkkkkk",
      "password": "ooooooooo",
      "mobileNumber": "9898989898",
      "dateOfBirth": "76",
      "gender": "e",
      "speciality": "yyyyyy",
      "id": 3
    },
    {
      "name": "kkkkkkkk",
      "password": "000000000",
      "mobileNumber": "9898989898",
      "dateOfBirth": "56",
      "gender": "g",
      "speciality": "jjjjjj",
      "id": 4
    },
    {
      "name": "harika",
      "password": "12345",
      "mobileNumber": "9898989898",
      "dateOfBirth": "56",
      "gender": "f",
      "speciality": "jjjjjj",
      "id": 5
    },
    {
      "name": "kkkkkkk",
      "password": "78787",
      "mobileNumber": "7878787878",
      "dateOfBirth": "67",
      "gender": "r",
      "speciality": "hhhhh",
      "id": 6
    },
    {
      "name": "Harika",
      "password": "hari123",
      "mobileNumber": "4567898787",
      "dateOfBirth": "20-10-2021",
      "gender": "f",
      "speciality": "hhhhhh",
      "id": 7
    },
    {
      "name": "kkkk",
      "password": "uuuuu",
      "mobileNumber": "7676767676",
      "dateOfBirth": "20-10-2021",
      "gender": "f",
      "speciality": "jjjjjj",
      "id": 8
    }
  ],
  "bookings": [
    {
      "appointmentDate": "2021-08-12",
      "slot": "9 AM to 10 AM",
      "userId": 2,
      "coachId": 2,
      "id": 1
    },
    {
      "appointmentDate": "2021-11-22",
      "slot": "10 AM to 11 AM",
      "userId": "1",
      "coachId": 1,
      "id": 2
    },
    {
      "appointmentDate": "2021-11-18",
      "slot": "10 AM to 11 AM",
      "userId": "2",
      "coachId": 1,
      "id": 3
    }
  ]
}